id,ts,mode,broker,event,ticket_id,session_id,symbol,side,order_type,qty,notional,limit_price,est_cost,limits_json,broker_order_id,broker_json,message
1,2026-09-25T06:32:34+00:00,paper,mock,mode_changed,,,,,,,,,,"{""max_order_usd"": 500.0, ""max_symbol_exposure_usd"": 1000.0, ""daily_loss_limit_usd"": 200.0, ""max_orders_per_day"": 5}",,,off -> paper
2,2026-09-25T06:32:40+00:00,paper,mock,proposed,0efe545bab0d,797b2713ff8e,NVDA,buy,market,,200.0,,200.0,"{""max_order_usd"": 500.0, ""max_symbol_exposure_usd"": 1000.0, ""daily_loss_limit_usd"": 200.0, ""max_orders_per_day"": 5}",,,all checks passed
3,2026-09-25T06:32:43+00:00,paper,mock,confirmed,0efe545bab0d,797b2713ff8e,NVDA,buy,market,,200.0,,200.0,"{""max_order_usd"": 500.0, ""max_symbol_exposure_usd"": 1000.0, ""daily_loss_limit_usd"": 200.0, ""max_orders_per_day"": 5}",,,user confirmed ticket
4,2026-09-25T06:32:43+00:00,paper,mock,submitted,0efe545bab0d,797b2713ff8e,NVDA,buy,market,,200.0,,200.0,"{""max_order_usd"": 500.0, ""max_symbol_exposure_usd"": 1000.0, ""daily_loss_limit_usd"": 200.0, ""max_orders_per_day"": 5}",mock-e5970ac230,"{""id"": ""mock-e5970ac230"", ""client_order_id"": ""veyro-0efe545bab0d"", ""symbol"": ""NVDA"", ""side"": ""buy"", ""type"": ""market"", ""status"": ""filled"", ""qty"": null, ""notional"": 200.0, ""filled_qty"": 0.890551, ""filled_avg_price"": 224.5800018310547, ""limit_price"": null, ""time_in_force"": ""day"", ""submitted_at"": ""2026-09-25T06:32:43+00:00"", ""filled_at"": ""2026-09-25T06:32:43+00:00"", ""canceled_at"": null, ""mock"": true}",status=filled
5,2026-09-25T06:32:43+00:00,paper,mock,filled,0efe545bab0d,797b2713ff8e,NVDA,buy,market,,200.0,,200.0,"{""max_order_usd"": 500.0, ""max_symbol_exposure_usd"": 1000.0, ""daily_loss_limit_usd"": 200.0, ""max_orders_per_day"": 5}",mock-e5970ac230,"{""id"": ""mock-e5970ac230"", ""client_order_id"": ""veyro-0efe545bab0d"", ""symbol"": ""NVDA"", ""side"": ""buy"", ""type"": ""market"", ""status"": ""filled"", ""qty"": null, ""notional"": 200.0, ""filled_qty"": 0.890551, ""filled_avg_price"": 224.5800018310547, ""limit_price"": null, ""time_in_force"": ""day"", ""submitted_at"": ""2026-09-25T06:32:43+00:00"", ""filled_at"": ""2026-09-25T06:32:43+00:00"", ""canceled_at"": null, ""mock"": true}",filled 0.890551 @ 224.5800018310547
6,2026-09-25T06:32:44+00:00,paper,mock,proposed,f1330105d819,797b2713ff8e,NVDA,buy,limit,60.0,,5.0,300.0,"{""max_order_usd"": 500.0, ""max_symbol_exposure_usd"": 1000.0, ""daily_loss_limit_usd"": 200.0, ""max_orders_per_day"": 5}",,,all checks passed
7,2026-09-25T06:32:46+00:00,paper,mock,confirmed,f1330105d819,797b2713ff8e,NVDA,buy,limit,60.0,,5.0,300.0,"{""max_order_usd"": 500.0, ""max_symbol_exposure_usd"": 1000.0, ""daily_loss_limit_usd"": 200.0, ""max_orders_per_day"": 5}",,,user confirmed ticket
8,2026-09-25T06:32:46+00:00,paper,mock,submitted,f1330105d819,797b2713ff8e,NVDA,buy,limit,60.0,,5.0,300.0,"{""max_order_usd"": 500.0, ""max_symbol_exposure_usd"": 1000.0, ""daily_loss_limit_usd"": 200.0, ""max_orders_per_day"": 5}",mock-913599baf0,"{""id"": ""mock-913599baf0"", ""client_order_id"": ""veyro-f1330105d819"", ""symbol"": ""NVDA"", ""side"": ""buy"", ""type"": ""limit"", ""status"": ""accepted"", ""qty"": 60.0, ""notional"": null, ""filled_qty"": 0.0, ""filled_avg_price"": null, ""limit_price"": 5.0, ""time_in_force"": ""day"", ""submitted_at"": ""2026-09-25T06:32:46+00:00"", ""filled_at"": null, ""canceled_at"": null, ""mock"": true}",status=accepted
9,2026-09-25T06:32:49+00:00,paper,mock,cancel_requested,,797b2713ff8e,,,,,,,,"{""max_order_usd"": 500.0, ""max_symbol_exposure_usd"": 1000.0, ""daily_loss_limit_usd"": 200.0, ""max_orders_per_day"": 5}",mock-913599baf0,,user cancelled order
10,2026-09-25T06:32:49+00:00,paper,mock,cancelled,f1330105d819,797b2713ff8e,NVDA,buy,limit,60.0,,5.0,,"{""max_order_usd"": 500.0, ""max_symbol_exposure_usd"": 1000.0, ""daily_loss_limit_usd"": 200.0, ""max_orders_per_day"": 5}",mock-913599baf0,"{""id"": ""mock-913599baf0"", ""client_order_id"": ""veyro-f1330105d819"", ""symbol"": ""NVDA"", ""side"": ""buy"", ""type"": ""limit"", ""status"": ""canceled"", ""qty"": 60.0, ""notional"": null, ""filled_qty"": 0.0, ""filled_avg_price"": null, ""limit_price"": 5.0, ""time_in_force"": ""day"", ""submitted_at"": ""2026-09-25T06:32:46+00:00"", ""filled_at"": null, ""canceled_at"": ""2026-09-25T06:32:49+00:00"", ""mock"": true}",broker status canceled
11,2026-09-25T06:32:57+00:00,paper,mock,rejected,d9a0a148fd65,797b2713ff8e,NVDA,buy,market,,600.0,,600.0,"{""max_order_usd"": 500.0, ""max_symbol_exposure_usd"": 1000.0, ""daily_loss_limit_usd"": 200.0, ""max_orders_per_day"": 5}",,,blocked by: max_order
12,2026-09-25T06:33:00+00:00,paper,mock,limits_saved,,,,,,,,,,"{""max_order_usd"": 500.0, ""max_symbol_exposure_usd"": 300.0, ""daily_loss_limit_usd"": 200.0, ""max_orders_per_day"": 5}",,,"{""max_order_usd"": 500.0, ""max_symbol_exposure_usd"": 300.0, ""daily_loss_limit_usd"": 200.0, ""max_orders_per_day"": 5}"
13,2026-09-25T06:33:00+00:00,paper,mock,rejected,898902533a22,797b2713ff8e,NVDA,buy,market,,200.0,,200.0,"{""max_order_usd"": 500.0, ""max_symbol_exposure_usd"": 300.0, ""daily_loss_limit_usd"": 200.0, ""max_orders_per_day"": 5}",,,blocked by: symbol_exposure
14,2026-09-25T06:33:03+00:00,paper,mock,limits_saved,,,,,,,,,,"{""max_order_usd"": 500.0, ""max_symbol_exposure_usd"": 1000.0, ""daily_loss_limit_usd"": 200.0, ""max_orders_per_day"": 2}",,,"{""max_order_usd"": 500.0, ""max_symbol_exposure_usd"": 1000.0, ""daily_loss_limit_usd"": 200.0, ""max_orders_per_day"": 2}"
15,2026-09-25T06:33:03+00:00,paper,mock,rejected,f8885e50ca27,797b2713ff8e,NVDA,buy,market,,50.0,,50.0,"{""max_order_usd"": 500.0, ""max_symbol_exposure_usd"": 1000.0, ""daily_loss_limit_usd"": 200.0, ""max_orders_per_day"": 2}",,,blocked by: orders_today
16,2026-09-25T06:33:06+00:00,paper,mock,limits_saved,,,,,,,,,,"{""max_order_usd"": 500.0, ""max_symbol_exposure_usd"": 1000.0, ""daily_loss_limit_usd"": 200.0, ""max_orders_per_day"": 10}",,,"{""max_order_usd"": 500.0, ""max_symbol_exposure_usd"": 1000.0, ""daily_loss_limit_usd"": 200.0, ""max_orders_per_day"": 10}"
17,2026-09-25T06:33:06+00:00,paper,mock,rejected,0e99e5e4147c,797b2713ff8e,NVDA,buy,market,,50.0,,50.0,"{""max_order_usd"": 500.0, ""max_symbol_exposure_usd"": 1000.0, ""daily_loss_limit_usd"": 200.0, ""max_orders_per_day"": 10}",,,blocked by: daily_loss
18,2026-09-25T06:33:08+00:00,paper,mock,rejected,4bac759cd545,,NVDA,buy,market,,5000.0,,5000.0,"{""max_order_usd"": 500.0, ""max_symbol_exposure_usd"": 1000.0, ""daily_loss_limit_usd"": 200.0, ""max_orders_per_day"": 10}",,,"blocked by: max_order, symbol_exposure"
19,2026-09-25T06:33:09+00:00,paper,mock,proposed,a59187364b6e,797b2713ff8e,NVDA,buy,limit,20.0,,5.0,100.0,"{""max_order_usd"": 500.0, ""max_symbol_exposure_usd"": 1000.0, ""daily_loss_limit_usd"": 200.0, ""max_orders_per_day"": 10}",,,all checks passed
20,2026-09-25T06:33:11+00:00,paper,mock,confirmed,a59187364b6e,797b2713ff8e,NVDA,buy,limit,20.0,,5.0,100.0,"{""max_order_usd"": 500.0, ""max_symbol_exposure_usd"": 1000.0, ""daily_loss_limit_usd"": 200.0, ""max_orders_per_day"": 10}",,,user confirmed ticket
21,2026-09-25T06:33:11+00:00,paper,mock,submitted,a59187364b6e,797b2713ff8e,NVDA,buy,limit,20.0,,5.0,100.0,"{""max_order_usd"": 500.0, ""max_symbol_exposure_usd"": 1000.0, ""daily_loss_limit_usd"": 200.0, ""max_orders_per_day"": 10}",mock-748dee3641,"{""id"": ""mock-748dee3641"", ""client_order_id"": ""veyro-a59187364b6e"", ""symbol"": ""NVDA"", ""side"": ""buy"", ""type"": ""limit"", ""status"": ""accepted"", ""qty"": 20.0, ""notional"": null, ""filled_qty"": 0.0, ""filled_avg_price"": null, ""limit_price"": 5.0, ""time_in_force"": ""day"", ""submitted_at"": ""2026-09-25T06:33:11+00:00"", ""filled_at"": null, ""canceled_at"": null, ""mock"": true}",status=accepted
22,2026-09-25T06:33:14+00:00,off,none,mode_changed,,,,,,,,,,,,,paper -> off
23,2026-09-25T06:33:14+00:00,paper,mock,kill_switch,,,,,,,,,,"{""max_order_usd"": 500.0, ""max_symbol_exposure_usd"": 1000.0, ""daily_loss_limit_usd"": 200.0, ""max_orders_per_day"": 10}",,,cancelled 1 open orders; execution off
